,,,,,,,,,,,,,,,,,,,,,,,,,,,,,,,,,,,,,,,,,,,,,,,,,,
Receive Type,Variety,Size,Style,Label,Color,Commodity,Warehouse Loc,Receive Date,Tag #,Receive Qty,Receive Eq Qty,Inventory Type,Transaction Type,UOM,Weight Factor,Weight UOM,Quantity,Block Acres,Size Equiv,Packer Id,Packer Name,Aged Days,Carrier,Region,Issue Description,Entry User,Ship Eq Qty,Transaction Date,OrderId,Ship Date,Ship Cost,Ship Qty,Cost Center Name,Cost Center Id,Product Group 4,Product Group 3,Product Group 2,Product Group 1,Product Class,Access Group,Run Id,Grower Zip,Grower County,Grower Country,Grower State,Grower City,Grower Address,Lot Id,Pool Id,Commoidty Inactive Flag
Receive,NORK,A,P10/5,WALMART,CLEAR,POTATO,Bud-Rich,1/5/2012,3299799,40 ,40 ,Grower,Pack,bag,50 ,lb,40 ,0 ,,BR,Bud-Rich,1 ,,USA,,BRTAG,0 ,1/5/2012,,1/6/2012,0 ,0 ,,,,10/5's,,,Produce,,"55,595 ",97838,,,OR,Hermiston,PO Box 224,,,N
Receive,NORK,A,P10/5,WALMART,CLEAR,POTATO,Bud-Rich,1/5/2012,3299775,40 ,40 ,Grower,Pack,bag,50 ,lb,40 ,0 ,,BR,Bud-Rich,1 ,,USA,,BRTAG,0 ,1/5/2012,,1/6/2012,0 ,0 ,,,,10/5's,,,Produce,,"55,595 ",97838,,,OR,Hermiston,PO Box 224,,,N
Receive,NORK,A,P10/5,WALMART,CLEAR,POTATO,Bud-Rich,1/5/2012,3299808,40 ,40 ,Grower,Pack,bag,50 ,lb,40 ,0 ,,BR,Bud-Rich,1 ,,USA,,BRTAG,0 ,1/5/2012,,1/6/2012,0 ,0 ,,,,10/5's,,,Produce,,"55,595 ",97838,,,OR,Hermiston,PO Box 224,,,N
Receive,NORK,A,P10/5,WALMART,CLEAR,POTATO,Bud-Rich,1/5/2012,3299771,40 ,40 ,Grower,Pack,bag,50 ,lb,40 ,0 ,,BR,Bud-Rich,1 ,,USA,,BRTAG,0 ,1/5/2012,,1/6/2012,0 ,0 ,,,,10/5's,,,Produce,,"55,595 ",97838,,,OR,Hermiston,PO Box 224,,,N
Receive,NORK,A,P10/5,WALMART,CLEAR,POTATO,Bud-Rich,1/5/2012,3299746,40 ,40 ,Grower,Pack,bag,50 ,lb,40 ,0 ,,BR,Bud-Rich,1 ,,USA,,BRTAG,0 ,1/5/2012,,1/6/2012,0 ,0 ,,,,10/5's,,,Produce,,"55,595 ",97838,,,OR,Hermiston,PO Box 224,,,N
Receive,NORK,A,P10/5,WALMART,CLEAR,POTATO,Bud-Rich,1/5/2012,3299843,20 ,20 ,Grower,Pack,bag,50 ,lb,20 ,0 ,,BR,Bud-Rich,1 ,,USA,,BRTAG,0 ,1/5/2012,,1/6/2012,0 ,0 ,,,,10/5's,,,Produce,,"55,595 ",97838,,,OR,Hermiston,PO Box 224,,,N
Receive,NORK,A,P10/5,WALMART,CLEAR,POTATO,Bud-Rich,1/5/2012,3299834,40 ,40 ,Grower,Pack,bag,50 ,lb,40 ,0 ,,BR,Bud-Rich,1 ,,USA,,BRTAG,0 ,1/5/2012,,1/6/2012,0 ,0 ,,,,10/5's,,,Produce,,"55,595 ",97838,,,OR,Hermiston,PO Box 224,,,N
Receive,NORK,A,P10/5,WALMART,CLEAR,POTATO,Bud-Rich,1/5/2012,3299763,40 ,40 ,Grower,Pack,bag,50 ,lb,40 ,0 ,,BR,Bud-Rich,1 ,,USA,,BRTAG,0 ,1/5/2012,,1/6/2012,0 ,0 ,,,,10/5's,,,Produce,,"55,595 ",97838,,,OR,Hermiston,PO Box 224,,,N
Receive,NORK,A,P10/5,WALMART,CLEAR,POTATO,Bud-Rich,1/5/2012,3299729,40 ,40 ,Grower,Pack,bag,50 ,lb,40 ,0 ,,BR,Bud-Rich,1 ,,USA,,BRTAG,0 ,1/5/2012,,1/6/2012,0 ,0 ,,,,10/5's,,,Produce,,"55,595 ",97838,,,OR,Hermiston,PO Box 224,,,N
Receive,NORK,A,P10/5,WALMART,CLEAR,POTATO,Bud-Rich,1/5/2012,3299842,40 ,40 ,Grower,Pack,bag,50 ,lb,40 ,0 ,,BR,Bud-Rich,1 ,,USA,,BRTAG,0 ,1/5/2012,,1/6/2012,0 ,0 ,,,,10/5's,,,Produce,,"55,595 ",97838,,,OR,Hermiston,PO Box 224,,,N
Receive,NORK,A,P10/5,WALMART,CLEAR,POTATO,Bud-Rich,1/5/2012,3299753,40 ,40 ,Grower,Pack,bag,50 ,lb,40 ,0 ,,BR,Bud-Rich,1 ,,USA,,BRTAG,0 ,1/5/2012,,1/6/2012,0 ,0 ,,,,10/5's,,,Produce,,"55,595 ",97838,,,OR,Hermiston,PO Box 224,,,N
Receive,NORK,A,P10/5,WALMART,CLEAR,POTATO,Bud-Rich,1/5/2012,3299736,40 ,40 ,Grower,Pack,bag,50 ,lb,40 ,0 ,,BR,Bud-Rich,1 ,,USA,,BRTAG,0 ,1/5/2012,,1/6/2012,0 ,0 ,,,,10/5's,,,Produce,,"55,595 ",97838,,,OR,Hermiston,PO Box 224,,,N
Receive,NORK,A,P10/5,WALMART,CLEAR,POTATO,Bud-Rich,1/5/2012,3299728,40 ,40 ,Grower,Pack,bag,50 ,lb,40 ,0 ,,BR,Bud-Rich,1 ,,USA,,BRTAG,0 ,1/5/2012,,1/6/2012,0 ,0 ,,,,10/5's,,,Produce,,"55,595 ",97838,,,OR,Hermiston,PO Box 224,,,N
Receive,NORK,A,P10/5,WALMART,CLEAR,POTATO,Bud-Rich,1/5/2012,3299816,40 ,40 ,Grower,Pack,bag,50 ,lb,40 ,0 ,,BR,Bud-Rich,1 ,,USA,,BRTAG,0 ,1/5/2012,,1/6/2012,0 ,0 ,,,,10/5's,,,Produce,,"55,595 ",97838,,,OR,Hermiston,PO Box 224,,,N
Receive,NORK,A,P10/5,WALMART,CLEAR,POTATO,Bud-Rich,1/5/2012,3299765,40 ,40 ,Grower,Pack,bag,50 ,lb,40 ,0 ,,BR,Bud-Rich,1 ,,USA,,BRTAG,0 ,1/5/2012,,1/6/2012,0 ,0 ,,,,10/5's,,,Produce,,"55,595 ",97838,,,OR,Hermiston,PO Box 224,,,N
Receive,NORK,A,P10/5,WALMART,CLEAR,POTATO,Bud-Rich,1/5/2012,3299826,40 ,40 ,Grower,Pack,bag,50 ,lb,40 ,0 ,,BR,Bud-Rich,1 ,,USA,,BRTAG,0 ,1/5/2012,,1/6/2012,0 ,0 ,,,,10/5's,,,Produce,,"55,595 ",97838,,,OR,Hermiston,PO Box 224,,,N
Receive,NORK,A,P10/5,WALMART,CLEAR,POTATO,Bud-Rich,1/5/2012,3299733,40 ,40 ,Grower,Pack,bag,50 ,lb,40 ,0 ,,BR,Bud-Rich,1 ,,USA,,BRTAG,0 ,1/5/2012,,1/6/2012,0 ,0 ,,,,10/5's,,,Produce,,"55,595 ",97838,,,OR,Hermiston,PO Box 224,,,N
Receive,NORK,A,P10/5,WALMART,CLEAR,POTATO,Bud-Rich,1/5/2012,3299820,40 ,40 ,Grower,Pack,bag,50 ,lb,40 ,0 ,,BR,Bud-Rich,1 ,,USA,,BRTAG,0 ,1/5/2012,,1/6/2012,0 ,0 ,,,,10/5's,,,Produce,,"55,595 ",97838,,,OR,Hermiston,PO Box 224,,,N
Receive,NORK,A,P10/5,WALMART,CLEAR,POTATO,Bud-Rich,1/5/2012,3299802,40 ,40 ,Grower,Pack,bag,50 ,lb,40 ,0 ,,BR,Bud-Rich,1 ,,USA,,BRTAG,0 ,1/5/2012,,1/6/2012,0 ,0 ,,,,10/5's,,,Produce,,"55,595 ",97838,,,OR,Hermiston,PO Box 224,,,N
Receive,NORK,A,P10/5,WALMART,CLEAR,POTATO,Bud-Rich,1/5/2012,3299791,40 ,40 ,Grower,Pack,bag,50 ,lb,40 ,0 ,,BR,Bud-Rich,1 ,,USA,,BRTAG,0 ,1/5/2012,,1/6/2012,0 ,0 ,,,,10/5's,,,Produce,,"55,595 ",97838,,,OR,Hermiston,PO Box 224,,,N
Receive,NORK,A,P10/5,WALMART,CLEAR,POTATO,Bud-Rich,1/5/2012,3299745,40 ,40 ,Grower,Pack,bag,50 ,lb,40 ,0 ,,BR,Bud-Rich,1 ,,USA,,BRTAG,0 ,1/5/2012,,1/6/2012,0 ,0 ,,,,10/5's,,,Produce,,"55,595 ",97838,,,OR,Hermiston,PO Box 224,,,N
Receive,NORK,A,P10/5,WALMART,CLEAR,POTATO,Bud-Rich,1/5/2012,3299835,40 ,40 ,Grower,Pack,bag,50 ,lb,40 ,0 ,,BR,Bud-Rich,1 ,,USA,,BRTAG,0 ,1/5/2012,,1/6/2012,0 ,0 ,,,,10/5's,,,Produce,,"55,595 ",97838,,,OR,Hermiston,PO Box 224,,,N
Receive,NORK,A,P10/5,WALMART,CLEAR,POTATO,Bud-Rich,1/5/2012,3299784,40 ,40 ,Grower,Pack,bag,50 ,lb,40 ,0 ,,BR,Bud-Rich,1 ,,USA,,BRTAG,0 ,1/5/2012,,1/6/2012,0 ,0 ,,,,10/5's,,,Produce,,"55,595 ",97838,,,OR,Hermiston,PO Box 224,,,N
Receive,NORK,60CT,CTN50#,BASIN GOLD,..,POTATO,Bud-Rich,1/5/2012,3299774,42 ,42 ,Grower,Pack,ctn,50 ,lb,42 ,0 ,,BR,Bud-Rich,1 ,,USA,,BRTAG,0 ,1/5/2012,,1/6/2012,0 ,0 ,,,,60 Count,,,Produce,,"55,595 ",97838,,,OR,Hermiston,PO Box 224,,,N
Receive,NORK,60CT,CTN50#,BASIN GOLD,..,POTATO,Bud-Rich,1/5/2012,3299748,42 ,42 ,Grower,Pack,ctn,50 ,lb,42 ,0 ,,BR,Bud-Rich,1 ,,USA,,BRTAG,0 ,1/5/2012,,1/6/2012,0 ,0 ,,,,60 Count,,,Produce,,"55,595 ",97838,,,OR,Hermiston,PO Box 224,,,N
Receive,NORK,60CT,CTN50#,BASIN GOLD,..,POTATO,Bud-Rich,1/5/2012,3299831,9 ,9 ,Grower,Pack,ctn,50 ,lb,9 ,0 ,,BR,Bud-Rich,1 ,,USA,,BRTAG,0 ,1/5/2012,,1/6/2012,0 ,0 ,,,,60 Count,,,Produce,,"55,595 ",97838,,,OR,Hermiston,PO Box 224,,,N
Receive,NORK,60CT,CTN50#,BASIN GOLD,..,POTATO,Bud-Rich,1/5/2012,3299790,42 ,42 ,Grower,Pack,ctn,50 ,lb,42 ,0 ,,BR,Bud-Rich,1 ,,USA,,BRTAG,0 ,1/5/2012,,1/6/2012,0 ,0 ,,,,60 Count,,,Produce,,"55,595 ",97838,,,OR,Hermiston,PO Box 224,,,N
Receive,NORK,60CT,CTN50#,BASIN GOLD,..,POTATO,Bud-Rich,1/5/2012,3299824,42 ,42 ,Grower,Pack,ctn,50 ,lb,42 ,0 ,,BR,Bud-Rich,1 ,,USA,,BRTAG,0 ,1/5/2012,,1/6/2012,0 ,0 ,,,,60 Count,,,Produce,,"55,595 ",97838,,,OR,Hermiston,PO Box 224,,,N
Receive,NORK,60CT,CTN50#,BASIN GOLD,..,POTATO,Bud-Rich,1/5/2012,3299785,42 ,42 ,Grower,Pack,ctn,50 ,lb,42 ,0 ,,BR,Bud-Rich,1 ,,USA,,BRTAG,0 ,1/5/2012,,1/6/2012,0 ,0 ,,,,60 Count,,,Produce,,"55,595 ",97838,,,OR,Hermiston,PO Box 224,,,N
Receive,NORK,60CT,CTN50#,BASIN GOLD,..,POTATO,Bud-Rich,1/5/2012,3299756,42 ,42 ,Grower,Pack,ctn,50 ,lb,42 ,0 ,,BR,Bud-Rich,1 ,,USA,,BRTAG,0 ,1/5/2012,,1/6/2012,0 ,0 ,,,,60 Count,,,Produce,,"55,595 ",97838,,,OR,Hermiston,PO Box 224,,,N
Receive,NORK,60CT,CTN50#,BASIN GOLD,..,POTATO,Bud-Rich,1/5/2012,3299766,42 ,42 ,Grower,Pack,ctn,50 ,lb,42 ,0 ,,BR,Bud-Rich,1 ,,USA,,BRTAG,0 ,1/5/2012,,1/6/2012,0 ,0 ,,,,60 Count,,,Produce,,"55,595 ",97838,,,OR,Hermiston,PO Box 224,,,N
Receive,NORK,60CT,CTN50#,BASIN GOLD,..,POTATO,Bud-Rich,1/5/2012,3299720,19 ,19 ,Grower,Pack,ctn,50 ,lb,19 ,0 ,,BR,Bud-Rich,1 ,,USA,,BRTAG,0 ,1/5/2012,,1/6/2012,0 ,0 ,,,,60 Count,,,Produce,,"55,595 ",97838,,,OR,Hermiston,PO Box 224,,,N
Receive,NORK,60CT,CTN50#,BASIN GOLD,..,POTATO,Bud-Rich,1/5/2012,3299813,44 ,44 ,Grower,Pack,ctn,50 ,lb,44 ,0 ,,BR,Bud-Rich,1 ,,USA,,BRTAG,0 ,1/5/2012,,1/6/2012,0 ,0 ,,,,60 Count,,,Produce,,"55,595 ",97838,,,OR,Hermiston,PO Box 224,,,N
Receive,NORK,60CT,CTN50#,BASIN GOLD,..,POTATO,Bud-Rich,1/5/2012,3299801,42 ,42 ,Grower,Pack,ctn,50 ,lb,42 ,0 ,,BR,Bud-Rich,1 ,,USA,,BRTAG,0 ,1/5/2012,,1/6/2012,0 ,0 ,,,,60 Count,,,Produce,,"55,595 ",97838,,,OR,Hermiston,PO Box 224,,,N
Receive,NORK,60CT,CTN50#,BASIN GOLD,..,POTATO,Bud-Rich,1/5/2012,3299741,42 ,42 ,Grower,Pack,ctn,50 ,lb,42 ,0 ,,BR,Bud-Rich,1 ,,USA,,BRTAG,0 ,1/5/2012,,1/6/2012,0 ,0 ,,,,60 Count,,,Produce,,"55,595 ",97838,,,OR,Hermiston,PO Box 224,,,N
Receive,NORK,60CT,CTN50#,BASIN GOLD,..,POTATO,Bud-Rich,1/5/2012,3299730,42 ,42 ,Grower,Pack,ctn,50 ,lb,42 ,0 ,,BR,Bud-Rich,1 ,,USA,,BRTAG,0 ,1/5/2012,,1/6/2012,0 ,0 ,,,,60 Count,,,Produce,,"55,595 ",97838,,,OR,Hermiston,PO Box 224,,,N
Receive,NORK,70CT,CTN50#,BASIN GOLD,..,POTATO,Bud-Rich,1/5/2012,3299811,42 ,42 ,Grower,Pack,ctn,50 ,lb,42 ,0 ,,BR,Bud-Rich,1 ,,USA,,BRTAG,0 ,1/5/2012,,1/6/2012,0 ,0 ,,,,70 Count,,,Produce,,"55,595 ",97838,,,OR,Hermiston,PO Box 224,,,N
Receive,NORK,70CT,CTN50#,BASIN GOLD,..,POTATO,Bud-Rich,1/5/2012,3299787,42 ,42 ,Grower,Pack,ctn,50 ,lb,42 ,0 ,,BR,Bud-Rich,1 ,,USA,,BRTAG,0 ,1/5/2012,,1/6/2012,0 ,0 ,,,,70 Count,,,Produce,,"55,595 ",97838,,,OR,Hermiston,PO Box 224,,,N
Receive,NORK,70CT,CTN50#,BASIN GOLD,..,POTATO,Bud-Rich,1/5/2012,3299738,42 ,42 ,Grower,Pack,ctn,50 ,lb,42 ,0 ,,BR,Bud-Rich,1 ,,USA,,BRTAG,0 ,1/5/2012,,1/6/2012,0 ,0 ,,,,70 Count,,,Produce,,"55,595 ",97838,,,OR,Hermiston,PO Box 224,,,N
Receive,NORK,70CT,CTN50#,BASIN GOLD,..,POTATO,Bud-Rich,1/5/2012,3299773,42 ,42 ,Grower,Pack,ctn,50 ,lb,42 ,0 ,,BR,Bud-Rich,1 ,,USA,,BRTAG,0 ,1/5/2012,,1/6/2012,0 ,0 ,,,,70 Count,,,Produce,,"55,595 ",97838,,,OR,Hermiston,PO Box 224,,,N
Receive,NORK,70CT,CTN50#,BASIN GOLD,..,POTATO,Bud-Rich,1/5/2012,3299822,42 ,42 ,Grower,Pack,ctn,50 ,lb,42 ,0 ,,BR,Bud-Rich,1 ,,USA,,BRTAG,0 ,1/5/2012,,1/6/2012,0 ,0 ,,,,70 Count,,,Produce,,"55,595 ",97838,,,OR,Hermiston,PO Box 224,,,N
Receive,NORK,70CT,CTN50#,BASIN GOLD,..,POTATO,Bud-Rich,1/5/2012,3299752,42 ,42 ,Grower,Pack,ctn,50 ,lb,42 ,0 ,,BR,Bud-Rich,1 ,,USA,,BRTAG,0 ,1/5/2012,,1/6/2012,0 ,0 ,,,,70 Count,,,Produce,,"55,595 ",97838,,,OR,Hermiston,PO Box 224,,,N
Receive,NORK,70CT,CTN50#,BASIN GOLD,..,POTATO,Bud-Rich,1/5/2012,3299744,42 ,42 ,Grower,Pack,ctn,50 ,lb,42 ,0 ,,BR,Bud-Rich,1 ,,USA,,BRTAG,0 ,1/5/2012,,1/6/2012,0 ,0 ,,,,70 Count,,,Produce,,"55,595 ",97838,,,OR,Hermiston,PO Box 224,,,N
Receive,NORK,70CT,CTN50#,BASIN GOLD,..,POTATO,Bud-Rich,1/5/2012,3299780,42 ,42 ,Grower,Pack,ctn,50 ,lb,42 ,0 ,,BR,Bud-Rich,1 ,,USA,,BRTAG,0 ,1/5/2012,,1/6/2012,0 ,0 ,,,,70 Count,,,Produce,,"55,595 ",97838,,,OR,Hermiston,PO Box 224,,,N
Receive,NORK,70CT,CTN50#,BASIN GOLD,..,POTATO,Bud-Rich,1/5/2012,3299767,42 ,42 ,Grower,Pack,ctn,50 ,lb,42 ,0 ,,BR,Bud-Rich,1 ,,USA,,BRTAG,0 ,1/5/2012,,1/6/2012,0 ,0 ,,,,70 Count,,,Produce,,"55,595 ",97838,,,OR,Hermiston,PO Box 224,,,N
Receive,NORK,70CT,CTN50#,BASIN GOLD,..,POTATO,Bud-Rich,1/5/2012,3299830,23 ,23 ,Grower,Pack,ctn,50 ,lb,23 ,0 ,,BR,Bud-Rich,1 ,,USA,,BRTAG,0 ,1/5/2012,,1/6/2012,0 ,0 ,,,,70 Count,,,Produce,,"55,595 ",97838,,,OR,Hermiston,PO Box 224,,,N
Receive,NORK,70CT,CTN50#,BASIN GOLD,..,POTATO,Bud-Rich,1/5/2012,3299800,42 ,42 ,Grower,Pack,ctn,50 ,lb,42 ,0 ,,BR,Bud-Rich,1 ,,USA,,BRTAG,0 ,1/5/2012,,1/6/2012,0 ,0 ,,,,70 Count,,,Produce,,"55,595 ",97838,,,OR,Hermiston,PO Box 224,,,N
Receive,NORK,70CT,CTN50#,BASIN GOLD,..,POTATO,Bud-Rich,1/5/2012,3299727,42 ,42 ,Grower,Pack,ctn,50 ,lb,42 ,0 ,,BR,Bud-Rich,1 ,,USA,,BRTAG,0 ,1/5/2012,,1/6/2012,0 ,0 ,,,,70 Count,,,Produce,,"55,595 ",97838,,,OR,Hermiston,PO Box 224,,,N
Receive,NORK,70CT,CTN50#,BASIN GOLD,..,POTATO,Bud-Rich,1/5/2012,3299795,42 ,42 ,Grower,Pack,ctn,50 ,lb,42 ,0 ,,BR,Bud-Rich,1 ,,USA,,BRTAG,0 ,1/5/2012,,1/6/2012,0 ,0 ,,,,70 Count,,,Produce,,"55,595 ",97838,,,OR,Hermiston,PO Box 224,,,N
Receive,NORK,70CT,CTN50#,BASIN GOLD,..,POTATO,Bud-Rich,1/5/2012,3299758,42 ,42 ,Grower,Pack,ctn,50 ,lb,42 ,0 ,,BR,Bud-Rich,1 ,,USA,,BRTAG,0 ,1/5/2012,,1/6/2012,0 ,0 ,,,,70 Count,,,Produce,,"55,595 ",97838,,,OR,Hermiston,PO Box 224,,,N
Receive,NORK,80CT,CTN50#,BASIN GOLD,..,POTATO,Bud-Rich,1/5/2012,3299829,18 ,18 ,Grower,Pack,ctn,50 ,lb,18 ,0 ,,BR,Bud-Rich,1 ,,USA,,BRTAG,0 ,1/5/2012,,1/6/2012,0 ,0 ,,,,80 Count,,,Produce,,"55,595 ",97838,,,OR,Hermiston,PO Box 224,,,N
Receive,NORK,80CT,CTN50#,BASIN GOLD,..,POTATO,Bud-Rich,1/5/2012,3299743,42 ,42 ,Grower,Pack,ctn,50 ,lb,42 ,0 ,,BR,Bud-Rich,1 ,,USA,,BRTAG,0 ,1/5/2012,,1/6/2012,0 ,0 ,,,,80 Count,,,Produce,,"55,595 ",97838,,,OR,Hermiston,PO Box 224,,,N
Receive,NORK,80CT,CTN50#,BASIN GOLD,..,POTATO,Bud-Rich,1/5/2012,3299806,42 ,42 ,Grower,Pack,ctn,50 ,lb,42 ,0 ,,BR,Bud-Rich,1 ,,USA,,BRTAG,0 ,1/5/2012,,1/6/2012,0 ,0 ,,,,80 Count,,,Produce,,"55,595 ",97838,,,OR,Hermiston,PO Box 224,,,N
Receive,NORK,80CT,CTN50#,BASIN GOLD,..,POTATO,Bud-Rich,1/5/2012,3299770,42 ,42 ,Grower,Pack,ctn,50 ,lb,42 ,0 ,,BR,Bud-Rich,1 ,,USA,,BRTAG,0 ,1/5/2012,,1/6/2012,0 ,0 ,,,,80 Count,,,Produce,,"55,595 ",97838,,,OR,Hermiston,PO Box 224,,,N
Receive,NORK,80CT,CTN50#,BASIN GOLD,..,POTATO,Bud-Rich,1/5/2012,3299731,42 ,42 ,Grower,Pack,ctn,50 ,lb,42 ,0 ,,BR,Bud-Rich,1 ,,USA,,BRTAG,0 ,1/5/2012,,1/6/2012,0 ,0 ,,,,80 Count,,,Produce,,"55,595 ",97838,,,OR,Hermiston,PO Box 224,,,N
Receive,NORK,80CT,CTN50#,BASIN GOLD,..,POTATO,Bud-Rich,1/5/2012,3299815,42 ,42 ,Grower,Pack,ctn,50 ,lb,42 ,0 ,,BR,Bud-Rich,1 ,,USA,,BRTAG,0 ,1/5/2012,,1/6/2012,0 ,0 ,,,,80 Count,,,Produce,,"55,595 ",97838,,,OR,Hermiston,PO Box 224,,,N
Receive,NORK,80CT,CTN50#,BASIN GOLD,..,POTATO,Bud-Rich,1/5/2012,3299789,42 ,42 ,Grower,Pack,ctn,50 ,lb,42 ,0 ,,BR,Bud-Rich,1 ,,USA,,BRTAG,0 ,1/5/2012,,1/6/2012,0 ,0 ,,,,80 Count,,,Produce,,"55,595 ",97838,,,OR,Hermiston,PO Box 224,,,N
Receive,NORK,80CT,CTN50#,BASIN GOLD,..,POTATO,Bud-Rich,1/5/2012,3299762,42 ,42 ,Grower,Pack,ctn,50 ,lb,42 ,0 ,,BR,Bud-Rich,1 ,,USA,,BRTAG,0 ,1/5/2012,,1/6/2012,0 ,0 ,,,,80 Count,,,Produce,,"55,595 ",97838,,,OR,Hermiston,PO Box 224,,,N
Receive,NORK,80CT,CTN50#,BASIN GOLD,..,POTATO,Bud-Rich,1/5/2012,3299779,42 ,42 ,Grower,Pack,ctn,50 ,lb,42 ,0 ,,BR,Bud-Rich,1 ,,USA,,BRTAG,0 ,1/5/2012,,1/6/2012,0 ,0 ,,,,80 Count,,,Produce,,"55,595 ",97838,,,OR,Hermiston,PO Box 224,,,N
Receive,NORK,80CT,CTN50#,BASIN GOLD,..,POTATO,Bud-Rich,1/5/2012,3299755,42 ,42 ,Grower,Pack,ctn,50 ,lb,42 ,0 ,,BR,Bud-Rich,1 ,,USA,,BRTAG,0 ,1/5/2012,,1/6/2012,0 ,0 ,,,,80 Count,,,Produce,,"55,595 ",97838,,,OR,Hermiston,PO Box 224,,,N
Receive,NORK,80CT,CTN50#,BASIN GOLD,..,POTATO,Bud-Rich,1/5/2012,3299740,42 ,42 ,Grower,Pack,ctn,50 ,lb,42 ,0 ,,BR,Bud-Rich,1 ,,USA,,BRTAG,0 ,1/5/2012,,1/6/2012,0 ,0 ,,,,80 Count,,,Produce,,"55,595 ",97838,,,OR,Hermiston,PO Box 224,,,N
Receive,NORK,80CT,CTN50#,BASIN GOLD,..,POTATO,Bud-Rich,1/5/2012,3299726,42 ,42 ,Grower,Pack,ctn,50 ,lb,42 ,0 ,,BR,Bud-Rich,1 ,,USA,,BRTAG,0 ,1/5/2012,,1/6/2012,0 ,0 ,,,,80 Count,,,Produce,,"55,595 ",97838,,,OR,Hermiston,PO Box 224,,,N
Receive,NORK,80CT,CTN50#,BASIN GOLD,..,POTATO,Bud-Rich,1/5/2012,3299823,42 ,42 ,Grower,Pack,ctn,50 ,lb,42 ,0 ,,BR,Bud-Rich,1 ,,USA,,BRTAG,0 ,1/5/2012,,1/6/2012,0 ,0 ,,,,80 Count,,,Produce,,"55,595 ",97838,,,OR,Hermiston,PO Box 224,,,N
Receive,NORK,80CT,CTN50#,BASIN GOLD,..,POTATO,Bud-Rich,1/5/2012,3299797,42 ,42 ,Grower,Pack,ctn,50 ,lb,42 ,0 ,,BR,Bud-Rich,1 ,,USA,,BRTAG,0 ,1/5/2012,,1/6/2012,0 ,0 ,,,,80 Count,,,Produce,,"55,595 ",97838,,,OR,Hermiston,PO Box 224,,,N
Receive,NORK,90CT,CTN50#,BASIN GOLD,..,POTATO,Bud-Rich,1/5/2012,3299734,42 ,42 ,Grower,Pack,ctn,50 ,lb,42 ,0 ,,BR,Bud-Rich,1 ,,USA,,BRTAG,0 ,1/5/2012,,1/6/2012,0 ,0 ,,,,90 Count,,,Produce,,"55,595 ",97838,,,OR,Hermiston,PO Box 224,,,N
Receive,NORK,90CT,CTN50#,BASIN GOLD,..,POTATO,Bud-Rich,1/5/2012,3299828,40 ,40 ,Grower,Pack,ctn,50 ,lb,40 ,0 ,,BR,Bud-Rich,1 ,,USA,,BRTAG,0 ,1/5/2012,,1/6/2012,0 ,0 ,,,,90 Count,,,Produce,,"55,595 ",97838,,,OR,Hermiston,PO Box 224,,,N
Receive,NORK,90CT,CTN50#,BASIN GOLD,..,POTATO,Bud-Rich,1/5/2012,3299722,16 ,16 ,Grower,Pack,ctn,50 ,lb,16 ,0 ,,BR,Bud-Rich,1 ,,USA,,BRTAG,0 ,1/5/2012,,1/6/2012,0 ,0 ,,,,90 Count,,,Produce,,"55,595 ",97838,,,OR,Hermiston,PO Box 224,,,N
Receive,NORK,90CT,CTN50#,BASIN GOLD,..,POTATO,Bud-Rich,1/5/2012,3299819,42 ,42 ,Grower,Pack,ctn,50 ,lb,42 ,0 ,,BR,Bud-Rich,1 ,,USA,,BRTAG,0 ,1/5/2012,,1/6/2012,0 ,0 ,,,,90 Count,,,Produce,,"55,595 ",97838,,,OR,Hermiston,PO Box 224,,,N
Receive,NORK,90CT,CTN50#,BASIN GOLD,..,POTATO,Bud-Rich,1/5/2012,3299810,42 ,42 ,Grower,Pack,ctn,50 ,lb,42 ,0 ,,BR,Bud-Rich,1 ,,USA,,BRTAG,0 ,1/5/2012,,1/6/2012,0 ,0 ,,,,90 Count,,,Produce,,"55,595 ",97838,,,OR,Hermiston,PO Box 224,,,N
Receive,NORK,90CT,CTN50#,BASIN GOLD,..,POTATO,Bud-Rich,1/5/2012,3299807,42 ,42 ,Grower,Pack,ctn,50 ,lb,42 ,0 ,,BR,Bud-Rich,1 ,,USA,,BRTAG,0 ,1/5/2012,,1/6/2012,0 ,0 ,,,,90 Count,,,Produce,,"55,595 ",97838,,,OR,Hermiston,PO Box 224,,,N
Receive,NORK,A,P5/10,BASIN GOLD,TINT,POTATO,Bud-Rich,1/5/2012,3299855,40 ,40 ,Grower,Pack,bag,50 ,lb,40 ,0 ,,BR,Bud-Rich,1 ,,USA,,BRTAG,0 ,1/5/2012,,1/6/2012,0 ,0 ,,,,5/10's,,,Produce,,"55,595 ",97838,,,OR,Hermiston,PO Box 224,,,N
Receive,NORK,A,P5/10,BASIN GOLD,TINT,POTATO,Bud-Rich,1/5/2012,3299846,40 ,40 ,Grower,Pack,bag,50 ,lb,40 ,0 ,,BR,Bud-Rich,1 ,,USA,,BRTAG,0 ,1/5/2012,,1/6/2012,0 ,0 ,,,,5/10's,,,Produce,,"55,595 ",97838,,,OR,Hermiston,PO Box 224,,,N
Receive,NORK,A,P5/10,BASIN GOLD,TINT,POTATO,Bud-Rich,1/5/2012,3299857,40 ,40 ,Grower,Pack,bag,50 ,lb,40 ,0 ,,BR,Bud-Rich,1 ,,USA,,BRTAG,0 ,1/5/2012,,1/6/2012,0 ,0 ,,,,5/10's,,,Produce,,"55,595 ",97838,,,OR,Hermiston,PO Box 224,,,N
Receive,NORK,A,P5/10,BASIN GOLD,TINT,POTATO,Bud-Rich,1/5/2012,3299849,40 ,40 ,Grower,Pack,bag,50 ,lb,40 ,0 ,,BR,Bud-Rich,1 ,,USA,,BRTAG,0 ,1/5/2012,,1/6/2012,0 ,0 ,,,,5/10's,,,Produce,,"55,595 ",97838,,,OR,Hermiston,PO Box 224,,,N
Receive,NORK,A,P5/10,BASIN GOLD,TINT,POTATO,Bud-Rich,1/5/2012,3299850,40 ,40 ,Grower,Pack,bag,50 ,lb,40 ,0 ,,BR,Bud-Rich,1 ,,USA,,BRTAG,0 ,1/5/2012,,1/6/2012,0 ,0 ,,,,5/10's,,,Produce,,"55,595 ",97838,,,OR,Hermiston,PO Box 224,,,N
Receive,NORK,A,P5/10,BASIN GOLD,TINT,POTATO,Bud-Rich,1/5/2012,3299863,40 ,40 ,Grower,Pack,bag,50 ,lb,40 ,0 ,,BR,Bud-Rich,1 ,,USA,,BRTAG,0 ,1/5/2012,,1/6/2012,0 ,0 ,,,,5/10's,,,Produce,,"55,595 ",97838,,,OR,Hermiston,PO Box 224,,,N
Receive,NORK,A,P5/10,BASIN GOLD,TINT,POTATO,Bud-Rich,1/5/2012,3299854,40 ,40 ,Grower,Pack,bag,50 ,lb,40 ,0 ,,BR,Bud-Rich,1 ,,USA,,BRTAG,0 ,1/5/2012,,1/6/2012,0 ,0 ,,,,5/10's,,,Produce,,"55,595 ",97838,,,OR,Hermiston,PO Box 224,,,N
Receive,NORK,BAKER,50#MESH,WESTERN BEAUTY,..,POTATO,Bud-Rich,1/5/2012,3299721,28 ,28 ,Grower,Pack,bag,50 ,lb,28 ,0 ,,BR,Bud-Rich,1 ,,USA,,BRTAG,0 ,1/5/2012,,1/6/2012,0 ,0 ,,,,,,,Produce,,"55,595 ",97838,,,OR,Hermiston,PO Box 224,,,N
Receive,NORK,BAKER,50#MESH,WESTERN BEAUTY,..,POTATO,Bud-Rich,1/5/2012,3299759,50 ,50 ,Grower,Pack,bag,50 ,lb,50 ,0 ,,BR,Bud-Rich,1 ,,USA,,BRTAG,0 ,1/5/2012,,1/6/2012,0 ,0 ,,,,,,,Produce,,"55,595 ",97838,,,OR,Hermiston,PO Box 224,,,N
Receive,NORK,BAKER,50#MESH,WESTERN BEAUTY,..,POTATO,Bud-Rich,1/5/2012,3299866,20 ,20 ,Grower,Pack,bag,50 ,lb,20 ,0 ,,BR,Bud-Rich,1 ,,USA,,BRTAG,0 ,1/5/2012,,1/6/2012,0 ,0 ,,,,,,,Produce,,"55,595 ",97838,,,OR,Hermiston,PO Box 224,,,N
Receive,NORK,BAKER,50#MESH,WESTERN BEAUTY,..,POTATO,Bud-Rich,1/5/2012,3299812,50 ,50 ,Grower,Pack,bag,50 ,lb,50 ,0 ,,BR,Bud-Rich,1 ,,USA,,BRTAG,0 ,1/5/2012,,1/6/2012,0 ,0 ,,,,,,,Produce,,"55,595 ",97838,,,OR,Hermiston,PO Box 224,,,N
Receive,NORK,BAKER,50#MESH,WESTERN BEAUTY,..,POTATO,Bud-Rich,1/5/2012,3299777,50 ,50 ,Grower,Pack,bag,50 ,lb,50 ,0 ,,BR,Bud-Rich,1 ,,USA,,BRTAG,0 ,1/5/2012,,1/6/2012,0 ,0 ,,,,,,,Produce,,"55,595 ",97838,,,OR,Hermiston,PO Box 224,,,N
Receive,NORK,BAKER,50#MESH,WESTERN BEAUTY,..,POTATO,Bud-Rich,1/5/2012,3299739,50 ,50 ,Grower,Pack,bag,50 ,lb,50 ,0 ,,BR,Bud-Rich,1 ,,USA,,BRTAG,0 ,1/5/2012,,1/6/2012,0 ,0 ,,,,,,,Produce,,"55,595 ",97838,,,OR,Hermiston,PO Box 224,,,N
Receive,NORK,50CT,CTN50#,BASIN GOLD,..,POTATO,Bud-Rich,1/5/2012,3299735,23 ,23 ,Grower,Pack,ctn,50 ,lb,23 ,0 ,,BR,Bud-Rich,1 ,,USA,,BRTAG,0 ,1/5/2012,,1/6/2012,0 ,0 ,,,,50 Count,,,Produce,,"55,595 ",97838,,,OR,Hermiston,PO Box 224,,,N
Receive,NORK,50CT,CTN50#,BASIN GOLD,..,POTATO,Bud-Rich,1/5/2012,3299832,42 ,42 ,Grower,Pack,ctn,50 ,lb,42 ,0 ,,BR,Bud-Rich,1 ,,USA,,BRTAG,0 ,1/5/2012,,1/6/2012,0 ,0 ,,,,50 Count,,,Produce,,"55,595 ",97838,,,OR,Hermiston,PO Box 224,,,N
Receive,NORK,50CT,CTN50#,BASIN GOLD,..,POTATO,Bud-Rich,1/5/2012,3299782,50 ,50 ,Grower,Pack,ctn,50 ,lb,50 ,0 ,,BR,Bud-Rich,1 ,,USA,,BRTAG,0 ,1/5/2012,,1/6/2012,0 ,0 ,,,,50 Count,,,Produce,,"55,595 ",97838,,,OR,Hermiston,PO Box 224,,,N
Receive,NORK,6OZ,50#MESH,MISC,..,POTATO,Bud-Rich,1/5/2012,3299833,30 ,30 ,Grower,Pack,bag,50 ,lb,30 ,0 ,,BR,Bud-Rich,1 ,,USA,,BRTAG,0 ,1/5/2012,,1/6/2012,0 ,0 ,,,,,,,Produce,,"55,595 ",97838,,,OR,Hermiston,PO Box 224,,,N
Receive,NORK,6OZ,50#MESH,MISC,..,POTATO,Bud-Rich,1/5/2012,3299786,49 ,49 ,Grower,Pack,bag,50 ,lb,49 ,0 ,,BR,Bud-Rich,1 ,,USA,,BRTAG,0 ,1/5/2012,,1/6/2012,0 ,0 ,,,,,,,Produce,,"55,595 ",97838,,,OR,Hermiston,PO Box 224,,,N
Receive,NORK,BAKER,S100/20BN,BG COSTCO,COMBO,POTATO,Bud-Rich,1/5/2012,3299865,100 ,40 ,Grower,Pack,bag,20 ,lb,100 ,0 ,,BR,Bud-Rich,1 ,,USA,,BRTAG,0 ,1/5/2012,,1/6/2012,0 ,0 ,,,,,,,Produce,,"55,595 ",97838,,,OR,Hermiston,PO Box 224,,,N
Receive,NORK,BAKER,S100/20BN,BG COSTCO,COMBO,POTATO,Bud-Rich,1/5/2012,3299858,100 ,40 ,Grower,Pack,bag,20 ,lb,100 ,0 ,,BR,Bud-Rich,1 ,,USA,,BRTAG,0 ,1/5/2012,,1/6/2012,0 ,0 ,,,,,,,Produce,,"55,595 ",97838,,,OR,Hermiston,PO Box 224,,,N
Receive,NORK,BAKER,S100/20BN,BG COSTCO,COMBO,POTATO,Bud-Rich,1/5/2012,3299856,100 ,40 ,Grower,Pack,bag,20 ,lb,100 ,0 ,,BR,Bud-Rich,1 ,,USA,,BRTAG,0 ,1/5/2012,,1/6/2012,0 ,0 ,,,,,,,Produce,,"55,595 ",97838,,,OR,Hermiston,PO Box 224,,,N
Receive,NORK,BAKER,S100/20BN,BG COSTCO,COMBO,POTATO,Bud-Rich,1/5/2012,3299864,100 ,40 ,Grower,Pack,bag,20 ,lb,100 ,0 ,,BR,Bud-Rich,1 ,,USA,,BRTAG,0 ,1/5/2012,,1/6/2012,0 ,0 ,,,,,,,Produce,,"55,595 ",97838,,,OR,Hermiston,PO Box 224,,,N
Receive,NORK,BAKER,S100/20BN,BG COSTCO,COMBO,POTATO,Bud-Rich,1/5/2012,3299853,100 ,40 ,Grower,Pack,bag,20 ,lb,100 ,0 ,,BR,Bud-Rich,1 ,,USA,,BRTAG,0 ,1/5/2012,,1/6/2012,0 ,0 ,,,,,,,Produce,,"55,595 ",97838,,,OR,Hermiston,PO Box 224,,,N
Receive,RUSSET,6OZ,50#PAPR,FIVE GUYS,..,POTATO,Bud-Rich,1/5/2012,3299859,40 ,40 ,Grower,Pack,bag,50 ,lb,40 ,0 ,,BR,Bud-Rich,1 ,,USA,,BRTAG,0 ,1/5/2012,,1/6/2012,0 ,0 ,,,,#2 BAKER (50#),,,Produce,,"55,596 ",97838,,,OR,Hermiston,PO Box 224,,,N
Receive,RUSSET,6OZ,50#PAPR,FIVE GUYS,..,POTATO,Bud-Rich,1/5/2012,3299793,40 ,40 ,Grower,Pack,bag,50 ,lb,40 ,0 ,,BR,Bud-Rich,1 ,,USA,,BRTAG,0 ,1/5/2012,,1/6/2012,0 ,0 ,,,,#2 BAKER (50#),,,Produce,,"55,596 ",97838,,,OR,Hermiston,PO Box 224,,,N
Receive,RUSSET,6OZ,50#PAPR,FIVE GUYS,..,POTATO,Bud-Rich,1/5/2012,3299847,40 ,40 ,Grower,Pack,bag,50 ,lb,40 ,0 ,,BR,Bud-Rich,1 ,,USA,,BRTAG,0 ,1/5/2012,,1/6/2012,0 ,0 ,,,,#2 BAKER (50#),,,Produce,,"55,596 ",97838,,,OR,Hermiston,PO Box 224,,,N
Receive,RUSSET,6OZ,50#PAPR,FIVE GUYS,..,POTATO,Bud-Rich,1/5/2012,3299845,40 ,40 ,Grower,Pack,bag,50 ,lb,40 ,0 ,,BR,Bud-Rich,1 ,,USA,,BRTAG,0 ,1/5/2012,,1/6/2012,0 ,0 ,,,,#2 BAKER (50#),,,Produce,,"55,596 ",97838,,,OR,Hermiston,PO Box 224,,,N
Receive,RUSSET,6OZ,50#PAPR,FIVE GUYS,..,POTATO,Bud-Rich,1/5/2012,3299818,40 ,40 ,Grower,Pack,bag,50 ,lb,40 ,0 ,,BR,Bud-Rich,1 ,,USA,,BRTAG,0 ,1/5/2012,,1/6/2012,0 ,0 ,,,,#2 BAKER (50#),,,Produce,,"55,596 ",97838,,,OR,Hermiston,PO Box 224,,,N
Receive,RUSSET,6OZ,50#PAPR,FIVE GUYS,..,POTATO,Bud-Rich,1/5/2012,3299750,40 ,40 ,Grower,Pack,bag,50 ,lb,40 ,0 ,,BR,Bud-Rich,1 ,,USA,,BRTAG,0 ,1/5/2012,,1/6/2012,0 ,0 ,,,,#2 BAKER (50#),,,Produce,,"55,596 ",97838,,,OR,Hermiston,PO Box 224,,,N
Receive,RUSSET,6OZ,50#PAPR,FIVE GUYS,..,POTATO,Bud-Rich,1/5/2012,3299861,20 ,20 ,Grower,Pack,bag,50 ,lb,20 ,0 ,,BR,Bud-Rich,1 ,,USA,,BRTAG,0 ,1/5/2012,,1/6/2012,0 ,0 ,,,,#2 BAKER (50#),,,Produce,,"55,596 ",97838,,,OR,Hermiston,PO Box 224,,,N
Receive,RUSSET,6OZ,50#PAPR,FIVE GUYS,..,POTATO,Bud-Rich,1/5/2012,3299803,40 ,40 ,Grower,Pack,bag,50 ,lb,40 ,0 ,,BR,Bud-Rich,1 ,,USA,,BRTAG,0 ,1/5/2012,,1/6/2012,0 ,0 ,,,,#2 BAKER (50#),,,Produce,,"55,596 ",97838,,,OR,Hermiston,PO Box 224,,,N
Receive,RUSSET,6OZ,50#PAPR,FIVE GUYS,..,POTATO,Bud-Rich,1/5/2012,3299862,28 ,28 ,Grower,Pack,bag,50 ,lb,28 ,0 ,,BR,Bud-Rich,1 ,,USA,,BRTAG,0 ,1/5/2012,,1/6/2012,0 ,0 ,,,,#2 BAKER (50#),,,Produce,,"55,596 ",97838,,,OR,Hermiston,PO Box 224,,,N
Receive,RUSSET,6OZ,50#PAPR,FIVE GUYS,..,POTATO,Bud-Rich,1/5/2012,3299838,40 ,40 ,Grower,Pack,bag,50 ,lb,40 ,0 ,,BR,Bud-Rich,1 ,,USA,,BRTAG,0 ,1/5/2012,,1/6/2012,0 ,0 ,,,,#2 BAKER (50#),,,Produce,,"55,596 ",97838,,,OR,Hermiston,PO Box 224,,,N
Receive,RUSSET,6OZ,50#PAPR,FIVE GUYS,..,POTATO,Bud-Rich,1/5/2012,3299781,40 ,40 ,Grower,Pack,bag,50 ,lb,40 ,0 ,,BR,Bud-Rich,1 ,,USA,,BRTAG,0 ,1/5/2012,,1/6/2012,0 ,0 ,,,,#2 BAKER (50#),,,Produce,,"55,596 ",97838,,,OR,Hermiston,PO Box 224,,,N
Receive,RUSSET,6OZ,50#PAPR,FIVE GUYS,..,POTATO,Bud-Rich,1/5/2012,3299737,40 ,40 ,Grower,Pack,bag,50 ,lb,40 ,0 ,,BR,Bud-Rich,1 ,,USA,,BRTAG,0 ,1/5/2012,,1/6/2012,0 ,0 ,,,,#2 BAKER (50#),,,Produce,,"55,596 ",97838,,,OR,Hermiston,PO Box 224,,,N
Receive,RUSSET,6OZ,50#PAPR,FIVE GUYS,..,POTATO,Bud-Rich,1/5/2012,3299851,40 ,40 ,Grower,Pack,bag,50 ,lb,40 ,0 ,,BR,Bud-Rich,1 ,,USA,,BRTAG,0 ,1/5/2012,,1/6/2012,0 ,0 ,,,,#2 BAKER (50#),,,Produce,,"55,596 ",97838,,,OR,Hermiston,PO Box 224,,,N
Receive,RUSSET,6OZ,50#PAPR,FIVE GUYS,..,POTATO,Bud-Rich,1/5/2012,3299837,40 ,40 ,Grower,Pack,bag,50 ,lb,40 ,0 ,,BR,Bud-Rich,1 ,,USA,,BRTAG,0 ,1/5/2012,,1/6/2012,0 ,0 ,,,,#2 BAKER (50#),,,Produce,,"55,596 ",97838,,,OR,Hermiston,PO Box 224,,,N
Receive,RUSSET,6OZ,50#PAPR,FIVE GUYS,..,POTATO,Bud-Rich,1/5/2012,3299764,40 ,40 ,Grower,Pack,bag,50 ,lb,40 ,0 ,,BR,Bud-Rich,1 ,,USA,,BRTAG,0 ,1/5/2012,,1/6/2012,0 ,0 ,,,,#2 BAKER (50#),,,Produce,,"55,596 ",97838,,,OR,Hermiston,PO Box 224,,,N
Receive,RUSSET,6OZ,50#PAPR,FIVE GUYS,..,POTATO,Bud-Rich,1/5/2012,3299749,40 ,40 ,Grower,Pack,bag,50 ,lb,40 ,0 ,,BR,Bud-Rich,1 ,,USA,,BRTAG,0 ,1/5/2012,,1/6/2012,0 ,0 ,,,,#2 BAKER (50#),,,Produce,,"55,596 ",97838,,,OR,Hermiston,PO Box 224,,,N
Receive,RUSSET,6OZ,50#PAPR,FIVE GUYS,..,POTATO,Bud-Rich,1/5/2012,3299839,40 ,40 ,Grower,Pack,bag,50 ,lb,40 ,0 ,,BR,Bud-Rich,1 ,,USA,,BRTAG,0 ,1/5/2012,,1/6/2012,0 ,0 ,,,,#2 BAKER (50#),,,Produce,,"55,596 ",97838,,,OR,Hermiston,PO Box 224,,,N
Receive,RUSSET,6OZ,50#PAPR,FIVE GUYS,..,POTATO,Bud-Rich,1/5/2012,3299817,40 ,40 ,Grower,Pack,bag,50 ,lb,40 ,0 ,,BR,Bud-Rich,1 ,,USA,,BRTAG,0 ,1/5/2012,,1/6/2012,0 ,0 ,,,,#2 BAKER (50#),,,Produce,,"55,596 ",97838,,,OR,Hermiston,PO Box 224,,,N
Receive,RUSSET,6OZ,50#PAPR,FIVE GUYS,..,POTATO,Bud-Rich,1/5/2012,3299804,40 ,40 ,Grower,Pack,bag,50 ,lb,40 ,0 ,,BR,Bud-Rich,1 ,,USA,,BRTAG,0 ,1/5/2012,,1/6/2012,0 ,0 ,,,,#2 BAKER (50#),,,Produce,,"55,596 ",97838,,,OR,Hermiston,PO Box 224,,,N
Receive,RUSSET,6OZ,50#PAPR,FIVE GUYS,..,POTATO,Bud-Rich,1/5/2012,3299860,40 ,40 ,Grower,Pack,bag,50 ,lb,40 ,0 ,,BR,Bud-Rich,1 ,,USA,,BRTAG,0 ,1/5/2012,,1/6/2012,0 ,0 ,,,,#2 BAKER (50#),,,Produce,,"55,596 ",97838,,,OR,Hermiston,PO Box 224,,,N
Receive,RUSSET,6OZ,50#PAPR,FIVE GUYS,..,POTATO,Bud-Rich,1/5/2012,3299840,40 ,40 ,Grower,Pack,bag,50 ,lb,40 ,0 ,,BR,Bud-Rich,1 ,,USA,,BRTAG,0 ,1/5/2012,,1/6/2012,0 ,0 ,,,,#2 BAKER (50#),,,Produce,,"55,596 ",97838,,,OR,Hermiston,PO Box 224,,,N
Receive,RUSSET,6OZ,50#PAPR,FIVE GUYS,..,POTATO,Bud-Rich,1/5/2012,3299792,40 ,40 ,Grower,Pack,bag,50 ,lb,40 ,0 ,,BR,Bud-Rich,1 ,,USA,,BRTAG,0 ,1/5/2012,,1/6/2012,0 ,0 ,,,,#2 BAKER (50#),,,Produce,,"55,596 ",97838,,,OR,Hermiston,PO Box 224,,,N
Receive,RUSSET,6OZ,50#PAPR,FIVE GUYS,..,POTATO,Bud-Rich,1/5/2012,3299778,40 ,40 ,Grower,Pack,bag,50 ,lb,40 ,0 ,,BR,Bud-Rich,1 ,,USA,,BRTAG,0 ,1/5/2012,,1/6/2012,0 ,0 ,,,,#2 BAKER (50#),,,Produce,,"55,596 ",97838,,,OR,Hermiston,PO Box 224,,,N
Receive,RUSSET,6OZ,50#PAPR,FIVE GUYS,..,POTATO,Bud-Rich,1/5/2012,3299761,40 ,40 ,Grower,Pack,bag,50 ,lb,40 ,0 ,,BR,Bud-Rich,1 ,,USA,,BRTAG,0 ,1/5/2012,,1/6/2012,0 ,0 ,,,,#2 BAKER (50#),,,Produce,,"55,596 ",97838,,,OR,Hermiston,PO Box 224,,,N
Receive,RUSSET,6OZ,50#PAPR,FIVE GUYS,..,POTATO,Bud-Rich,1/5/2012,3299732,40 ,40 ,Grower,Pack,bag,50 ,lb,40 ,0 ,,BR,Bud-Rich,1 ,,USA,,BRTAG,0 ,1/5/2012,,1/6/2012,0 ,0 ,,,,#2 BAKER (50#),,,Produce,,"55,596 ",97838,,,OR,Hermiston,PO Box 224,,,N
Receive,NORK,5-9,P10/5,BRANDS SAFEWAY,TINT,POTATO,Bud-Rich,1/5/2012,3299848,40 ,40 ,Grower,Pack,bag,50 ,lb,40 ,0 ,,BR,Bud-Rich,1 ,,USA,,BRTAG,0 ,1/5/2012,,1/6/2012,0 ,0 ,,,,,,,Produce,,"55,595 ",97838,,,OR,Hermiston,PO Box 224,,,N
Receive,NORK,5-9,P10/5,BRANDS SAFEWAY,TINT,POTATO,Bud-Rich,1/5/2012,3299844,40 ,40 ,Grower,Pack,bag,50 ,lb,40 ,0 ,,BR,Bud-Rich,1 ,,USA,,BRTAG,0 ,1/5/2012,,1/6/2012,0 ,0 ,,,,,,,Produce,,"55,595 ",97838,,,OR,Hermiston,PO Box 224,,,N
Receive,NORK,5-9,P10/5,BRANDS SAFEWAY,TINT,POTATO,Bud-Rich,1/5/2012,3299852,15 ,15 ,Grower,Pack,bag,50 ,lb,15 ,0 ,,BR,Bud-Rich,1 ,,USA,,BRTAG,0 ,1/5/2012,,1/6/2012,0 ,0 ,,,,,,,Produce,,"55,595 ",97838,,,OR,Hermiston,PO Box 224,,,N
Receive,NORK,5-9,P10/5,BRANDS SAFEWAY,TINT,POTATO,Bud-Rich,1/5/2012,3299841,40 ,40 ,Grower,Pack,bag,50 ,lb,40 ,0 ,,BR,Bud-Rich,1 ,,USA,,BRTAG,0 ,1/5/2012,,1/6/2012,0 ,0 ,,,,,,,Produce,,"55,595 ",97838,,,OR,Hermiston,PO Box 224,,,N
Receive,NORK,5-9,P10/5,BRANDS SAFEWAY,TINT,POTATO,Bud-Rich,1/5/2012,3299836,40 ,40 ,Grower,Pack,bag,50 ,lb,40 ,0 ,,BR,Bud-Rich,1 ,,USA,,BRTAG,0 ,1/5/2012,,1/6/2012,0 ,0 ,,,,,,,Produce,,"55,595 ",97838,,,OR,Hermiston,PO Box 224,,,N
Receive,NORK,5-9,P5/10,MISC,CLEAR,POTATO,Bud-Rich,1/5/2012,3299757,40 ,40 ,Grower,Pack,bag,50 ,lb,40 ,0 ,,BR,Bud-Rich,1 ,,USA,,BRTAG,0 ,1/5/2012,,1/6/2012,0 ,0 ,,,,,,,Produce,,"55,595 ",97838,,,OR,Hermiston,PO Box 224,,,N
Receive,NORK,5-9,P5/10,MISC,CLEAR,POTATO,Bud-Rich,1/5/2012,3299825,40 ,40 ,Grower,Pack,bag,50 ,lb,40 ,0 ,,BR,Bud-Rich,1 ,,USA,,BRTAG,0 ,1/5/2012,,1/6/2012,0 ,0 ,,,,,,,Produce,,"55,595 ",97838,,,OR,Hermiston,PO Box 224,,,N
Receive,NORK,5-9,P5/10,MISC,CLEAR,POTATO,Bud-Rich,1/5/2012,3299798,40 ,40 ,Grower,Pack,bag,50 ,lb,40 ,0 ,,BR,Bud-Rich,1 ,,USA,,BRTAG,0 ,1/5/2012,,1/6/2012,0 ,0 ,,,,,,,Produce,,"55,595 ",97838,,,OR,Hermiston,PO Box 224,,,N
Receive,NORK,5-9,P5/10,MISC,CLEAR,POTATO,Bud-Rich,1/5/2012,3299821,40 ,40 ,Grower,Pack,bag,50 ,lb,40 ,0 ,,BR,Bud-Rich,1 ,,USA,,BRTAG,0 ,1/5/2012,,1/6/2012,0 ,0 ,,,,,,,Produce,,"55,595 ",97838,,,OR,Hermiston,PO Box 224,,,N
Receive,NORK,5-9,P5/10,MISC,CLEAR,POTATO,Bud-Rich,1/5/2012,3299814,40 ,40 ,Grower,Pack,bag,50 ,lb,40 ,0 ,,BR,Bud-Rich,1 ,,USA,,BRTAG,0 ,1/5/2012,,1/6/2012,0 ,0 ,,,,,,,Produce,,"55,595 ",97838,,,OR,Hermiston,PO Box 224,,,N
Receive,NORK,5-9,P5/10,MISC,CLEAR,POTATO,Bud-Rich,1/5/2012,3299796,40 ,40 ,Grower,Pack,bag,50 ,lb,40 ,0 ,,BR,Bud-Rich,1 ,,USA,,BRTAG,0 ,1/5/2012,,1/6/2012,0 ,0 ,,,,,,,Produce,,"55,595 ",97838,,,OR,Hermiston,PO Box 224,,,N
Receive,NORK,5-9,P5/10,MISC,CLEAR,POTATO,Bud-Rich,1/5/2012,3299794,40 ,40 ,Grower,Pack,bag,50 ,lb,40 ,0 ,,BR,Bud-Rich,1 ,,USA,,BRTAG,0 ,1/5/2012,,1/6/2012,0 ,0 ,,,,,,,Produce,,"55,595 ",97838,,,OR,Hermiston,PO Box 224,,,N
Receive,NORK,5-9,P5/10,MISC,CLEAR,POTATO,Bud-Rich,1/5/2012,3299783,40 ,40 ,Grower,Pack,bag,50 ,lb,40 ,0 ,,BR,Bud-Rich,1 ,,USA,,BRTAG,0 ,1/5/2012,,1/6/2012,0 ,0 ,,,,,,,Produce,,"55,595 ",97838,,,OR,Hermiston,PO Box 224,,,N
Receive,NORK,5-9,P5/10,MISC,CLEAR,POTATO,Bud-Rich,1/5/2012,3299772,40 ,40 ,Grower,Pack,bag,50 ,lb,40 ,0 ,,BR,Bud-Rich,1 ,,USA,,BRTAG,0 ,1/5/2012,,1/6/2012,0 ,0 ,,,,,,,Produce,,"55,595 ",97838,,,OR,Hermiston,PO Box 224,,,N
Receive,NORK,5-9,P5/10,MISC,CLEAR,POTATO,Bud-Rich,1/5/2012,3299769,40 ,40 ,Grower,Pack,bag,50 ,lb,40 ,0 ,,BR,Bud-Rich,1 ,,USA,,BRTAG,0 ,1/5/2012,,1/6/2012,0 ,0 ,,,,,,,Produce,,"55,595 ",97838,,,OR,Hermiston,PO Box 224,,,N
Receive,NORK,5-9,P5/10,MISC,CLEAR,POTATO,Bud-Rich,1/5/2012,3299768,40 ,40 ,Grower,Pack,bag,50 ,lb,40 ,0 ,,BR,Bud-Rich,1 ,,USA,,BRTAG,0 ,1/5/2012,,1/6/2012,0 ,0 ,,,,,,,Produce,,"55,595 ",97838,,,OR,Hermiston,PO Box 224,,,N
Receive,NORK,5-9,P5/10,MISC,CLEAR,POTATO,Bud-Rich,1/5/2012,3299751,40 ,40 ,Grower,Pack,bag,50 ,lb,40 ,0 ,,BR,Bud-Rich,1 ,,USA,,BRTAG,0 ,1/5/2012,,1/6/2012,0 ,0 ,,,,,,,Produce,,"55,595 ",97838,,,OR,Hermiston,PO Box 224,,,N
Receive,NORK,5-9,P5/10,MISC,CLEAR,POTATO,Bud-Rich,1/5/2012,3299747,40 ,40 ,Grower,Pack,bag,50 ,lb,40 ,0 ,,BR,Bud-Rich,1 ,,USA,,BRTAG,0 ,1/5/2012,,1/6/2012,0 ,0 ,,,,,,,Produce,,"55,595 ",97838,,,OR,Hermiston,PO Box 224,,,N
Receive,NORK,5-9,P5/10,MISC,CLEAR,POTATO,Bud-Rich,1/5/2012,3299805,40 ,40 ,Grower,Pack,bag,50 ,lb,40 ,0 ,,BR,Bud-Rich,1 ,,USA,,BRTAG,0 ,1/5/2012,,1/6/2012,0 ,0 ,,,,,,,Produce,,"55,595 ",97838,,,OR,Hermiston,PO Box 224,,,N
Receive,NORK,5-9,P5/10,MISC,CLEAR,POTATO,Bud-Rich,1/5/2012,3299754,40 ,40 ,Grower,Pack,bag,50 ,lb,40 ,0 ,,BR,Bud-Rich,1 ,,USA,,BRTAG,0 ,1/5/2012,,1/6/2012,0 ,0 ,,,,,,,Produce,,"55,595 ",97838,,,OR,Hermiston,PO Box 224,,,N
Receive,NORK,5-9,P5/10,MISC,CLEAR,POTATO,Bud-Rich,1/5/2012,3299827,40 ,40 ,Grower,Pack,bag,50 ,lb,40 ,0 ,,BR,Bud-Rich,1 ,,USA,,BRTAG,0 ,1/5/2012,,1/6/2012,0 ,0 ,,,,,,,Produce,,"55,595 ",97838,,,OR,Hermiston,PO Box 224,,,N
Receive,NORK,5-9,P5/10,MISC,CLEAR,POTATO,Bud-Rich,1/5/2012,3299776,40 ,40 ,Grower,Pack,bag,50 ,lb,40 ,0 ,,BR,Bud-Rich,1 ,,USA,,BRTAG,0 ,1/5/2012,,1/6/2012,0 ,0 ,,,,,,,Produce,,"55,595 ",97838,,,OR,Hermiston,PO Box 224,,,N
Receive,NORK,5-9,P5/10,MISC,CLEAR,POTATO,Bud-Rich,1/5/2012,3299760,40 ,40 ,Grower,Pack,bag,50 ,lb,40 ,0 ,,BR,Bud-Rich,1 ,,USA,,BRTAG,0 ,1/5/2012,,1/6/2012,0 ,0 ,,,,,,,Produce,,"55,595 ",97838,,,OR,Hermiston,PO Box 224,,,N
Receive,NORK,5-9,P5/10,MISC,CLEAR,POTATO,Bud-Rich,1/5/2012,3299809,40 ,40 ,Grower,Pack,bag,50 ,lb,40 ,0 ,,BR,Bud-Rich,1 ,,USA,,BRTAG,0 ,1/5/2012,,1/6/2012,0 ,0 ,,,,,,,Produce,,"55,595 ",97838,,,OR,Hermiston,PO Box 224,,,N
Receive,NORK,5-9,P5/10,MISC,CLEAR,POTATO,Bud-Rich,1/5/2012,3299788,40 ,40 ,Grower,Pack,bag,50 ,lb,40 ,0 ,,BR,Bud-Rich,1 ,,USA,,BRTAG,0 ,1/5/2012,,1/6/2012,0 ,0 ,,,,,,,Produce,,"55,595 ",97838,,,OR,Hermiston,PO Box 224,,,N
Receive,NORK,7-10,P10/5,SUPER G,CLEAR,POTATO,Bud-Rich,1/5/2012,3299742,40 ,40 ,Grower,Pack,bag,50 ,lb,40 ,0 ,,BR,Bud-Rich,1 ,,USA,,BRTAG,0 ,1/5/2012,,1/6/2012,0 ,0 ,,,,,,,Produce,,"55,595 ",97838,,,OR,Hermiston,PO Box 224,,,N
